Mutation,De novo phosphorylation stability [md],AlloSigMA2-PSN classification - pockets and interfaces [md],MAVISp Effects
E1528F,,damaging,Long Range
E1528H,,damaging,Long Range
E1528I,,damaging,Long Range
E1528K,,damaging,Long Range
E1528L,,damaging,Long Range
E1528M,,damaging,Long Range
E1528Q,,damaging,Long Range
E1528R,,damaging,Long Range
E1528W,,damaging,Long Range
E1528Y,,damaging,Long Range
D1529F,,damaging,Long Range
D1529H,,damaging,Long Range
D1529I,,damaging,Long Range
D1529K,,damaging,Long Range
D1529L,,damaging,Long Range
D1529M,,damaging,Long Range
D1529Q,,damaging,Long Range
D1529R,,damaging,Long Range
D1529V,,damaging,Long Range
D1529W,,damaging,Long Range
D1529Y,,damaging,Long Range
R1530F,,damaging,Long Range
R1530W,,damaging,Long Range
R1530Y,,damaging,Long Range
Q1619F,,damaging,Long Range
Q1619H,,damaging,Long Range
Q1619I,,damaging,Long Range
Q1619K,,damaging,Long Range
Q1619M,,damaging,Long Range
Q1619R,,damaging,Long Range
Q1619W,,damaging,Long Range
Q1619Y,,damaging,Long Range
Y1622W,,damaging,Long Range
T1624E,,damaging,Long Range
T1624F,,damaging,Long Range
T1624H,,damaging,Long Range
T1624I,,damaging,Long Range
T1624K,,damaging,Long Range
T1624Q,,damaging,Long Range
T1624R,,damaging,Long Range
T1624W,,damaging,Long Range
T1624Y,,damaging,Long Range
E1626F,,damaging,Long Range
E1626H,,damaging,Long Range
E1626I,,damaging,Long Range
E1626K,,damaging,Long Range
E1626L,,damaging,Long Range
E1626M,,damaging,Long Range
E1626Q,,damaging,Long Range
E1626R,,damaging,Long Range
E1626W,,damaging,Long Range
E1626Y,,damaging,Long Range
L1655R,,damaging,Long Range
L1655W,,damaging,Long Range
L1655Y,,damaging,Long Range
F1703W,,damaging,Long Range
